{"cameraMode":{"drawMode":3,"name":"Shadow Cascades","section":"Miscellaneous"},"sceneLighting":true,"audioPlay":false,"sceneViewState":{"showFog":true,"showMaterialUpdate":false,"showSkybox":true,"showFlares":true,"showImageEffects":true,"showParticleSystems":true},"in2DMode":false,"pivot":{"x":-5.751858234405518,"y":-6.691192626953125,"z":-9.730366706848145},"rotation":{"x":-0.19417081773281098,"y":0.7994523644447327,"z":-0.34160277247428896,"w":-0.4544367790222168},"size":9.956154823303223,"orthographic":false}